# wavelength_nm, reflectance
300.0, 0.088200
302.0, 0.090000
304.0, 0.091800
306.0, 0.093500
308.0, 0.095200
310.0, 0.096900
312.0, 0.098500
314.0, 0.100200
316.0, 0.101800
318.0, 0.103500
320.0, 0.105200
322.0, 0.106700
324.0, 0.108200
326.0, 0.109700
328.0, 0.111200
330.0, 0.112500
332.0, 0.113900
334.0, 0.115200
336.0, 0.116500
338.0, 0.117800
340.0, 0.119000
342.0, 0.120100
344.0, 0.121200
346.0, 0.122300
348.0, 0.123300
350.0, 0.124300
352.0, 0.125300
354.0, 0.126300
356.0, 0.127300
358.0, 0.128100
360.0, 0.129000
362.0, 0.129800
364.0, 0.130600
366.0, 0.131500
368.0, 0.132500
370.0, 0.133500
372.0, 0.134600
374.0, 0.135800
376.0, 0.137000
378.0, 0.138500
380.0, 0.140100
382.0, 0.141500
384.0, 0.143000
386.0, 0.144500
388.0, 0.146000
390.0, 0.147400
392.0, 0.148900
394.0, 0.150200
396.0, 0.151600
398.0, 0.153000
400.0, 0.154300
402.0, 0.155600
404.0, 0.156800
406.0, 0.158100
408.0, 0.159300
410.0, 0.160500
412.0, 0.161800
414.0, 0.163000
416.0, 0.164300
418.0, 0.165600
420.0, 0.166900
422.0, 0.168300
424.0, 0.169700
426.0, 0.171100
428.0, 0.172600
430.0, 0.174100
432.0, 0.175600
434.0, 0.177200
436.0, 0.178700
438.0, 0.180300
440.0, 0.181800
442.0, 0.183200
444.0, 0.184700
446.0, 0.186200
448.0, 0.187500
450.0, 0.188800
452.0, 0.190100
454.0, 0.191200
456.0, 0.192300
458.0, 0.193300
460.0, 0.194200
462.0, 0.195100
464.0, 0.196000
466.0, 0.197000
468.0, 0.197900
470.0, 0.198800
472.0, 0.199700
474.0, 0.200600
476.0, 0.201500
478.0, 0.202500
480.0, 0.203600
482.0, 0.204800
484.0, 0.206000
486.0, 0.207200
488.0, 0.208400
490.0, 0.209700
492.0, 0.210900
494.0, 0.212200
496.0, 0.213400
498.0, 0.214600
500.0, 0.215900
502.0, 0.217200
504.0, 0.218500
506.0, 0.219800
508.0, 0.221200
510.0, 0.222600
512.0, 0.224100
514.0, 0.225500
516.0, 0.226900
518.0, 0.228400
520.0, 0.229900
522.0, 0.231400
524.0, 0.232900
526.0, 0.234500
528.0, 0.236000
530.0, 0.237500
532.0, 0.239100
534.0, 0.240700
536.0, 0.242300
538.0, 0.243800
540.0, 0.245400
542.0, 0.247100
544.0, 0.248800
546.0, 0.250400
548.0, 0.252100
550.0, 0.253800
552.0, 0.255600
554.0, 0.257300
556.0, 0.259100
558.0, 0.260800
560.0, 0.262600
562.0, 0.264400
564.0, 0.266100
566.0, 0.267700
568.0, 0.269400
570.0, 0.270900
572.0, 0.272500
574.0, 0.273900
576.0, 0.275300
578.0, 0.276600
580.0, 0.277900
582.0, 0.279100
584.0, 0.280300
586.0, 0.281400
588.0, 0.282500
590.0, 0.283400
592.0, 0.284400
594.0, 0.285300
596.0, 0.286200
598.0, 0.287000
600.0, 0.287700
602.0, 0.288400
604.0, 0.289100
606.0, 0.289700
608.0, 0.290300
610.0, 0.290900
612.0, 0.291400
614.0, 0.291900
616.0, 0.292400
618.0, 0.292800
620.0, 0.293300
622.0, 0.293700
624.0, 0.294100
626.0, 0.294400
628.0, 0.294900
630.0, 0.295200
632.0, 0.295600
634.0, 0.296000
636.0, 0.296300
638.0, 0.296700
640.0, 0.297000
642.0, 0.297300
644.0, 0.297600
646.0, 0.297900
648.0, 0.298300
650.0, 0.298600
652.0, 0.298900
654.0, 0.299300
656.0, 0.299600
658.0, 0.300000
660.0, 0.300300
662.0, 0.300700
664.0, 0.301000
666.0, 0.301300
668.0, 0.301700
670.0, 0.302000
672.0, 0.302300
674.0, 0.302800
676.0, 0.303100
678.0, 0.303300
680.0, 0.303600
682.0, 0.303900
684.0, 0.304200
686.0, 0.304500
688.0, 0.304700
690.0, 0.305000
692.0, 0.305200
694.0, 0.305500
696.0, 0.305800
698.0, 0.306100
700.0, 0.306400
702.0, 0.306700
704.0, 0.306900
706.0, 0.307100
708.0, 0.307400
710.0, 0.307700
712.0, 0.307900
714.0, 0.308100
716.0, 0.308300
718.0, 0.308600
720.0, 0.308700
722.0, 0.308900
724.0, 0.309200
726.0, 0.309500
728.0, 0.309600
730.0, 0.309800
732.0, 0.310000
734.0, 0.310200
736.0, 0.310400
738.0, 0.310700
740.0, 0.310800
742.0, 0.310900
744.0, 0.311200
746.0, 0.311400
748.0, 0.311500
750.0, 0.311700
752.0, 0.311800
754.0, 0.311900
756.0, 0.312000
758.0, 0.312100
760.0, 0.312200
762.0, 0.312400
764.0, 0.312600
766.0, 0.312700
768.0, 0.312700
770.0, 0.312800
772.0, 0.313000
774.0, 0.313100
776.0, 0.313200
778.0, 0.313500
780.0, 0.313500
782.0, 0.313600
784.0, 0.313700
786.0, 0.313800
788.0, 0.313800
790.0, 0.313900
792.0, 0.314100
794.0, 0.314000
796.0, 0.314100
798.0, 0.314200
800.0, 0.314200
820.0, 0.314700
840.0, 0.315200
860.0, 0.316000
880.0, 0.318500
900.0, 0.320900
920.0, 0.322000
940.0, 0.324300
960.0, 0.324800
980.0, 0.326200
1000.0, 0.328000
1020.0, 0.330000
1040.0, 0.331800
1060.0, 0.334000
1080.0, 0.336100
1100.0, 0.338500
1120.0, 0.340800
1140.0, 0.342800
1160.0, 0.344600
1180.0, 0.346900
1200.0, 0.348600
1220.0, 0.350500
1240.0, 0.352600
1260.0, 0.354300
1280.0, 0.356000
1300.0, 0.357500
1320.0, 0.359300
1340.0, 0.360900
1360.0, 0.362600
1380.0, 0.362000
1400.0, 0.358200
1420.0, 0.355700
1440.0, 0.359600
1460.0, 0.363500
1480.0, 0.367100
1500.0, 0.371200
1520.0, 0.375000
1540.0, 0.378400
1560.0, 0.381700
1580.0, 0.384600
1600.0, 0.387700
1620.0, 0.390800
1640.0, 0.393800
1660.0, 0.396700
1680.0, 0.398600
1700.0, 0.400400
1720.0, 0.401800
1740.0, 0.403000
1760.0, 0.403800
1780.0, 0.405700
1800.0, 0.407400
1820.0, 0.408300
1840.0, 0.409400
1860.0, 0.407600
1880.0, 0.395400
1900.0, 0.363100
1920.0, 0.342600
1940.0, 0.347000
1960.0, 0.355700
1980.0, 0.364700
2000.0, 0.374600
2020.0, 0.382800
2040.0, 0.388000
2060.0, 0.390700
2080.0, 0.393200
2100.0, 0.395300
2120.0, 0.397700
2140.0, 0.397900
2160.0, 0.394300
2180.0, 0.389100
2200.0, 0.382100
2220.0, 0.377000
2240.0, 0.373500
2260.0, 0.367416
2280.0, 0.362750
2300.0, 0.359044
2320.0, 0.357352
2340.0, 0.349660
2360.0, 0.348206
2380.0, 0.345136
2400.0, 0.335790
2420.0, 0.326856
2440.0, 0.315692
2460.0, 0.306156
2480.0, 0.298670
2500.0, 0.296644
2520.0, 0.290974
2540.0, 0.287850
2560.0, 0.288634
2580.0, 0.286764
2600.0, 0.284702
2620.0, 0.278358
2640.0, 0.270508
2660.0, 0.255036
2680.0, 0.214844
2700.0, 0.143030
2720.0, 0.094060
2740.0, 0.063469
2760.0, 0.050405
2780.0, 0.048091
2800.0, 0.048816
2820.0, 0.049397
2840.0, 0.049237
2860.0, 0.049307
2880.0, 0.048603
2900.0, 0.048560
2920.0, 0.046667
2940.0, 0.046345
2960.0, 0.048271
2980.0, 0.049149
3000.0, 0.051771
3020.0, 0.051980
3040.0, 0.050375
3060.0, 0.051322
3080.0, 0.052523
3100.0, 0.053455
3120.0, 0.055052
3140.0, 0.055437
3160.0, 0.055737
3180.0, 0.060704
3200.0, 0.064096
3220.0, 0.065711
3240.0, 0.066443
3260.0, 0.070590
3280.0, 0.073543
3300.0, 0.072461
3320.0, 0.075285
3340.0, 0.074249
3360.0, 0.074544
3380.0, 0.072683
3400.0, 0.071317
3420.0, 0.073650
3440.0, 0.074940
3460.0, 0.078789
3480.0, 0.078982
3500.0, 0.083130
3520.0, 0.091383
3540.0, 0.100563
3560.0, 0.106520
3580.0, 0.109424
3600.0, 0.112782
3620.0, 0.115528
3640.0, 0.119650
3660.0, 0.121872
3680.0, 0.123642
3700.0, 0.124430
3720.0, 0.126542
3740.0, 0.128210
3760.0, 0.127664
3780.0, 0.127516
3800.0, 0.124942
3820.0, 0.121188
3840.0, 0.117864
3860.0, 0.115824
3880.0, 0.115528
3900.0, 0.115060
3920.0, 0.112302
3940.0, 0.106047
3960.0, 0.096341
3980.0, 0.093752
4000.0, 0.102796
4020.0, 0.117794
4040.0, 0.128064
4060.0, 0.135042
4080.0, 0.137910
4100.0, 0.139234
4120.0, 0.139440
4140.0, 0.139476
4160.0, 0.138720
4180.0, 0.138416
4200.0, 0.136742
4220.0, 0.135838
4240.0, 0.134360
4260.0, 0.132908
4280.0, 0.131508
4300.0, 0.130164
4320.0, 0.129320
4340.0, 0.127978
4360.0, 0.125926
4380.0, 0.122080
4400.0, 0.119764
4420.0, 0.116680
4440.0, 0.114110
4460.0, 0.112896
4480.0, 0.111362
4500.0, 0.110506
4520.0, 0.111932
4540.0, 0.113686
4560.0, 0.113584
4580.0, 0.112912
4600.0, 0.109852
4620.0, 0.108236
4640.0, 0.106282
4660.0, 0.102838
4680.0, 0.101442
4700.0, 0.102800
4720.0, 0.104694
4740.0, 0.104400
4760.0, 0.103384
4780.0, 0.102318
4800.0, 0.101496
4820.0, 0.100226
4840.0, 0.097699
4860.0, 0.096050
4880.0, 0.091652
4900.0, 0.088878
4920.0, 0.085122
4940.0, 0.083623
4960.0, 0.082440
4980.0, 0.080427
5000.0, 0.079500
5100.0, 0.075539
5200.0, 0.070983
5300.0, 0.063350
5400.0, 0.059901
5500.0, 0.051563
5600.0, 0.043943
5700.0, 0.045005
5800.0, 0.037757
5900.0, 0.028825
6000.0, 0.021790
6100.0, 0.020061
6200.0, 0.022873
6300.0, 0.029338
6400.0, 0.038997
6500.0, 0.039615
6600.0, 0.035872
6700.0, 0.031411
6800.0, 0.030410
6900.0, 0.029174
7000.0, 0.029403
7100.0, 0.028419
7200.0, 0.030369
7300.0, 0.036433
7400.0, 0.040744
7500.0, 0.043151
7600.0, 0.043834
7700.0, 0.046854
7800.0, 0.049981
7900.0, 0.059799
8000.0, 0.079769
8100.0, 0.106997
8200.0, 0.136180
8300.0, 0.140769
8400.0, 0.140894
8500.0, 0.140812
8600.0, 0.121757
8700.0, 0.131917
8800.0, 0.141508
8900.0, 0.142597
9000.0, 0.142244
9100.0, 0.147463
9200.0, 0.152267
9300.0, 0.153502
9400.0, 0.139308
9500.0, 0.125550
9600.0, 0.118706
9700.0, 0.110620
9800.0, 0.102582
9900.0, 0.097024
10000.0, 0.088807
10100.0, 0.082421
10200.0, 0.072627
10300.0, 0.064682
10400.0, 0.058536
10500.0, 0.053009
10600.0, 0.048996
10700.0, 0.046324
10800.0, 0.044746
10900.0, 0.044967
11000.0, 0.044709
11100.0, 0.043983
11200.0, 0.043711
11300.0, 0.042910
11400.0, 0.041692
11500.0, 0.041352
11600.0, 0.037895
11700.0, 0.035576
11800.0, 0.033700
11900.0, 0.032080
12000.0, 0.029953
12100.0, 0.028058
12200.0, 0.025455
12300.0, 0.023216
12400.0, 0.029269
12500.0, 0.036709
12600.0, 0.035550
12700.0, 0.036849
12800.0, 0.042039
12900.0, 0.040422
13000.0, 0.036625
13100.0, 0.034205
13200.0, 0.032138
13300.0, 0.029777
13400.0, 0.028796
13500.0, 0.027790
13600.0, 0.027513
13700.0, 0.027299
13800.0, 0.027308
13900.0, 0.026318
14000.0, 0.025303
14100.0, 0.024584
14200.0, 0.022902
14300.0, 0.021323
14400.0, 0.024286
14500.0, 0.026706
14600.0, 0.025285
14700.0, 0.023044
14800.0, 0.017773
14900.0, 0.022710
15000.0, 0.027210
